{"metrics/precision(B)": 0.8770049004216816, "metrics/recall(B)": 0.8849643997732659, "metrics/mAP50(B)": 0.9276955227241291, "metrics/mAP50-95(B)": 0.8181274172637685, "fitness": 0.8290842278098045}